brand_name,collection_name,product_name,unique_SKU_ID,render_color,product_link,pattern_width,price_per_container,product_description,product_image
Colibri Peinture,Les Beiges,Schmidt Magnolia - Peinture biosourcée murs et plafonds,schmidt-magnolia-peinture-biosourcee-murs-et-plafonds,#F1EDE4,https://www.colibripeinture.com/products/schmidt-magnolia-peinture-biosourcee-murs-et-plafonds,1,,,
Colibri Peinture,Les Beiges,Schmidt Clay - Peinture biosourcée murs et plafonds,schmidt-clay-peinture-biosourcee-murs-et-plafonds,#D9D0C8,https://www.colibripeinture.com/products/schmidt-clay-peinture-biosourcee-murs-et-plafonds,1,,,
Colibri Peinture,Les Beiges,Chaume - Peinture biosourcée murs et plafonds,chaume-peinture-biosourcee-murs-et-plafonds,#CEB49F,https://www.colibripeinture.com/products/chaume-peinture-biosourcee-murs-et-plafonds,1,,,
Colibri Peinture,Les Blancs,Blanc pur - Peinture biosourcée murs et plafonds,blanc-pur-peinture-biosourcee-murs-et-plafonds,#F4F1EE,https://www.colibripeinture.com/products/blanc-pur-peinture-biosourcee-murs-et-plafonds,1,,,
Colibri Peinture,Les Blancs,Schmidt Blanc - Peinture biosourcée murs et plafonds,schmidt-blanc-peinture-biosourcee-murs-et-plafonds,#E7E7E2,https://www.colibripeinture.com/products/schmidt-blanc-peinture-biosourcee-murs-et-plafonds,1,,,
Colibri Peinture,Les Blancs,Schmidt Everest - Peinture biosourcée murs et plafonds,schmidt-everest-peinture-biosourcee-murs-et-plafonds,#E4E6EB,https://www.colibripeinture.com/products/schmidt-everest-peinture-biosourcee-murs-et-plafonds,1,,,
Colibri Peinture,Les Blancs teintés,Faiencelle - Peinture biosourcée murs et plafonds,faiencelle-peinture-biosourcee-murs-et-plafonds,#F4EBDE,https://www.colibripeinture.com/products/faiencelle-peinture-biosourcee-murs-et-plafonds,1,,,
Colibri Peinture,Les Blancs teintés,Cauri - Peinture biosourcée murs et plafonds,cauri-peinture-biosourcee-murs-et-plafonds,#E9DFCF,https://www.colibripeinture.com/products/cauri-peinture-biosourcee-murs-et-plafonds,1,,,
Colibri Peinture,Les Blancs teintés,Savane - Peinture biosourcée murs et plafonds,savane-peinture-biosourcee-murs-et-plafonds,#C8B499,https://www.colibripeinture.com/products/savane-peinture-biosourcee-murs-et-plafonds,1,,,
Colibri Peinture,Les Bleus,Horizon - Peinture biosourcée murs et plafonds,horizon-peinture-biosourcee-murs-et-plafonds,#DDE0DF,https://www.colibripeinture.com/products/horizon-peinture-biosourcee-murs-et-plafonds,1,,,
Colibri Peinture,Les Bleus,Deguesde - Peinture biosourcée murs et plafonds,deguesde-peinture-biosourcee-murs-et-plafonds,#718EAB,https://www.colibripeinture.com/products/deguesde-peinture-biosourcee-murs-et-plafonds,1,,,
Colibri Peinture,Les Bleus,Schmidt Navy - Peinture biosourcée murs et plafonds,schmidt-navy-peinture-biosourcee-murs-et-plafonds,#3E434A,https://www.colibripeinture.com/products/schmidt-navy-peinture-biosourcee-murs-et-plafonds,1,,,
Colibri Peinture,Les Bruns,Mustang - Peinture biosourcée murs et plafonds,mustang-peinture-biosourcee-murs-et-plafonds,#C3B8A8,https://www.colibripeinture.com/products/mustang-peinture-biosourcee-murs-et-plafonds,1,,,
Colibri Peinture,Les Bruns,Bocage - Peinture biosourcée murs et plafonds,bocage-peinture-biosourcee-murs-et-plafonds,#827B6C,https://www.colibripeinture.com/products/bocage-peinture-biosourcee-murs-et-plafonds,1,,,
Colibri Peinture,Les Bruns,Schmidt Caneo - Peinture biosourcée murs et plafonds,schmidt-caneo-peinture-biosourcee-murs-et-plafonds,#423434,https://www.colibripeinture.com/products/schmidt-caneo-peinture-biosourcee-murs-et-plafonds,1,,,
Colibri Peinture,Les Gris,Schmidt Celest - Peinture biosourcée murs et plafonds,schmidt-celest-peinture-biosourcee-murs-et-plafonds,#E9EAE9,https://www.colibripeinture.com/products/schmidt-celest-peinture-biosourcee-murs-et-plafonds,1,,,
Colibri Peinture,Les Gris,Granit - Peinture biosourcée murs et plafonds,granit-peinture-biosourcee-murs-et-plafonds,#C3BEB9,https://www.colibripeinture.com/products/granit-peinture-biosourcee-murs-et-plafonds,1,,,
Colibri Peinture,Les Gris,Laggua - Peinture biosourcée murs et plafond,laggua-peinture-biosourcee-murs-et-plafond,#3E4146,https://www.colibripeinture.com/products/laggua-peinture-biosourcee-murs-et-plafond,1,,,
Colibri Peinture,Les Jaunes,Nérole - Peinture biosourcée murs et plafonds,nerole-peinture-biosourcee-murs-et-plafonds,#F3E8C8,https://www.colibripeinture.com/products/nerole-peinture-biosourcee-murs-et-plafonds,1,,,
Colibri Peinture,Les Jaunes,Bachata - Peinture biosourcée murs et plafonds,bachata-peinture-biosourcee-murs-et-plafonds,#F1CA39,https://www.colibripeinture.com/products/bachata-peinture-biosourcee-murs-et-plafonds,1,,,
Colibri Peinture,Les Jaunes,Bourdon - Peinture biosourcée murs et plafonds,bourdon-peinture-biosourcee-murs-et-plafonds,#BB8B52,https://www.colibripeinture.com/products/bourdon-peinture-biosourcee-murs-et-plafonds,1,,,
Colibri Peinture,Les Noirs,Schmidt Noir - Peinture biosourcée murs et plafonds,schmidt-noir-peinture-biosourcee-murs-et-plafonds,#3F3E3D,https://www.colibripeinture.com/products/schmidt-noir-peinture-biosourcee-murs-et-plafonds,1,,,
Colibri Peinture,Les Noirs,Noir - Peinture biosourcée murs et plafond,noir-peinture-biosourcee-murs-et-plafond,#3D3B3B,https://www.colibripeinture.com/products/noir-peinture-biosourcee-murs-et-plafond,1,,,
Colibri Peinture,Les Oranges,Gloine - Peinture biosourcée murs et plafonds,gloine-peinture-biosourcee-murs-et-plafonds,#F4DEC7,https://www.colibripeinture.com/products/gloine-peinture-biosourcee-murs-et-plafonds,1,,,
Colibri Peinture,Les Oranges,Zeste - Peinture biosourcée murs et plafonds,zeste-peinture-biosourcee-murs-et-plafonds,#E59F54,https://www.colibripeinture.com/products/zeste-peinture-biosourcee-murs-et-plafonds,1,,,
Colibri Peinture,Les Oranges,Fauve - Peinture biosourcée murs et plafonds,fauve-peinture-biosourcee-murs-et-plafonds,#965A3F,https://www.colibripeinture.com/products/fauve-peinture-biosourcee-murs-et-plafonds,1,,,
Colibri Peinture,Les Roses,Coralise - Peinture biosourcée murs et plafonds,coralise-peinture-biosourcee-murs-et-plafonds,#EEE2D9,https://www.colibripeinture.com/products/coralise-peinture-biosourcee-murs-et-plafonds,1,,,
Colibri Peinture,Les Roses,Malvacée - Peinture biosourcée murs et plafonds,malvacee-peinture-biosourcee-murs-et-plafonds,#CDBFC4,https://www.colibripeinture.com/products/malvacee-peinture-biosourcee-murs-et-plafonds,1,,,
Colibri Peinture,Les Roses,Baroque - Peinture biosourcée murs et plafonds,baroque-peinture-biosourcee-murs-et-plafonds,#884959,https://www.colibripeinture.com/products/baroque-peinture-biosourcee-murs-et-plafonds,1,,,
Colibri Peinture,Les Rouges,Vermillon - Peinture biosourcée murs et plafond,vermillon-peinture-biosourcee-murs-et-plafond,#D2534E,https://www.colibripeinture.com/products/vermillon-peinture-biosourcee-murs-et-plafond,1,,,
Colibri Peinture,Les Rouges,Pléna - Peinture biosourcée murs et plafond,plena-peinture-biosourcee-murs-et-plafond,#A53C3D,https://www.colibripeinture.com/products/plena-peinture-biosourcee-murs-et-plafond,1,,,
Colibri Peinture,Les Rouges,Schmidt Purple - Peinture biosourcée murs et plafonds,schmidt-purple-peinture-biosourcee-murs-et-plafonds,#512730,https://www.colibripeinture.com/products/schmidt-purple-peinture-biosourcee-murs-et-plafonds,1,,,
Colibri Peinture,Les Terracottas,Schmidt La vie en rose - Peinture biosourcée murs et plafonds,schmidt-la-vie-en-rose-peinture-biosourcee-murs-et-plafonds,#EAD3C9,https://www.colibripeinture.com/products/schmidt-la-vie-en-rose-peinture-biosourcee-murs-et-plafonds,1,,,
Colibri Peinture,Les Terracottas,Grenaille - Peinture biosourcée murs et plafonds,grenaille-peinture-biosourcee-murs-et-plafonds,#B38D81,https://www.colibripeinture.com/products/grenaille-peinture-biosourcee-murs-et-plafonds,1,,,
Colibri Peinture,Les Terracottas,Rouille - Peinture biosourcée murs et plafond,rouille-peinture-biosourcee-murs-et-plafond,#8E4F4A,https://www.colibripeinture.com/products/rouille-peinture-biosourcee-murs-et-plafond,1,,,
Colibri Peinture,Les Verts,Lorée - Peinture biosourcée murs et plafonds,loree-peinture-biosourcee-murs-et-plafonds,#E6E1D3,https://www.colibripeinture.com/products/loree-peinture-biosourcee-murs-et-plafonds,1,,,
Colibri Peinture,Les Verts,Jade - Peinture biosourcée murs et plafonds,jade-peinture-biosourcee-murs-et-plafonds,#BAB198,https://www.colibripeinture.com/products/jade-peinture-biosourcee-murs-et-plafonds,1,,,
Colibri Peinture,Les Verts,Schmidt Forest Green - Peinture biosourcée murs et plafonds,schmidt-forest-green-peinture-biosourcee-murs-et-plafonds,#1C463C,https://www.colibripeinture.com/products/schmidt-forest-green-peinture-biosourcee-murs-et-plafonds,1,,,
Colibri Peinture,Les Violets,Matine - Peinture biosourcée murs et plafonds,matine-peinture-biosourcee-murs-et-plafonds,#C8C0D2,https://www.colibripeinture.com/products/matine-peinture-biosourcee-murs-et-plafonds,1,,,
Colibri Peinture,Les Violets,Angelus - Peinture biosourcée murs et plafonds,angelus-peinture-biosourcee-murs-et-plafonds,#A45364,https://www.colibripeinture.com/products/angelus-peinture-biosourcee-murs-et-plafonds,1,,,
Colibri Peinture,Les Violets,Lafortun - Peinture biosourcée murs et plafond,lafortun-peinture-biosourcee-murs-et-plafond,#48404D,https://www.colibripeinture.com/products/lafortun-peinture-biosourcee-murs-et-plafond,1,,,
